<?xml version="1.0" encoding="UTF-8"?>
<project-private xmlns="http://www.netbeans.org/ns/project-private/1">
    <editor-bookmarks xmlns="http://www.netbeans.org/ns/editor-bookmarks/2" lastBookmarkId="0"/>
    <open-files xmlns="http://www.netbeans.org/ns/projectui-open-files/2">
        <group>
            <file>file:/D:/NetBeansP/Calculadora/Calculadora-war/web/calculadora.css</file>
            <file>file:/D:/NetBeansP/Calculadora/Calculadora-war/src/java/SessionBean/calcServlet.java</file>
            <file>file:/D:/NetBeansP/Calculadora/Calculadora-war/web/index.jsp</file>
        </group>
    </open-files>
</project-private>
